---
# https://www.iso.org/obp/ui/#iso:code:3166:PA
provinces:
  pa_1:
    name: Bocas del Toro
    districts:
      -
        name: Bocas del Toro
        cabecera: Bocas del Toro
        corregimientos:
          - Bocas del Toro
          - Bastimentos
          - Cauchero
          - Punta Laurel
          - Tierra Oscura
      -
        name: Changuinola
        cabecera: Changuinola
        corregimientos:
          - Changuinola
          - Guabito
          - Teribe
          - El Empalme
          - Las Tablas
      -
        name: Chiriquí Grande
        cabecera: Chiriquí Grande
        corregimientos:
          - Chiriquí Grande
          - Miramar
          - Punta Peña
          - Punta Robalo
          - Rambala
          - Bajo del Cedro
      -
        name: Almirante
        cabecera: Almirante
        corregimientos:
          - Almirante
          - Barriada Guaymí
          - Barrio Francés
          - Nance de Riscó
          - Valle de Aguas Arriba
          - Valle de Riscó
  pa_2:
    name: Coclé
    districts:
      -
        name: Aguadulce
        cabecera: Aguadulce
        corregimientos:
          - Aguadulce
          - El Cristo
          - El Roble
          - Pocrí
          - Barrios Unidos
      -
        name: Antón
        cabecera: Antón
        corregimientos:
          - Antón
          - Cabuya
          - El Chirú
          - El Retiro
          - El Valle
          - Juan Díaz
          - Río Hato
          - San Juan de Dios
          - Santa Rita
          - Caballero
      -
        name: La Pintada
        cabecera: La Pintada
        corregimientos:
          - La Pintada
          - El Harino
          - El Potrero
          - Llano Grande
          - Piedras Gordas
          - Las Lomas
      -
        name: Natá
        cabecera: Natá
        corregimientos:
          - Natá
          - Capellanía
          - El Caño
          - Guzmán
          - Las Huacas
          - Toza
      -
        name: Olá
        cabecera: Olá
        corregimientos:
          - Olá
          - El Copé
          - El Palmar
          - El Picacho
          - La Pava
      -
        name: Penonomé
        cabecera: Penonomé
        corregimientos:
          - Penonomé
          - Cañaveral
          - Coclé
          - Chiguirí Arriba
          - El Coco
          - Pajonal
          - Río Grande
          - Río Indio
          - Toabré
          - Tulú
  pa_3:
    name: Colón
    districts:
      -
        name: Colón
        corregimientos:
          - Barrio Norte
          - Barrio Sur
          - Buena Vista
          - Cativá
          - Ciricito
          - Cristóbal
          - Escobal
          - Limón
          - Nueva Providencia
          - Puerto Pilón
          - Sabanitas
          - Salamanca
          - San Juan
          - Santa Rosa
          - Cristóbal Este
      -
        name: Chagres
        cabecera: Nuevo Chagres
        corregimientos:
          - Nuevo Chagres
          - Achiote
          - El Guabo
          - La Encantada
          - Palmas Bellas
          - Piña
          - Salud
      -
        name: Donoso
        cabecera: Miguel de La Borda
        corregimientos:
          - Miguel de La Borda
          - Coclé del Norte
          - El Guásimo
          - Gobea
          - Río Indio
          - San José del General
      -
        name: Portobelo
        cabecera: Portobelo
        corregimientos:
          - Portobelo
          - Cacique
          - Garrote
          - Isla Grande
          - María Chiquita
      -
        name: Santa Isabel
        cabecera: Palenque
        corregimientos:
          - Palenque
          - Cuango
          - Miramar
          - Nombre de Dios
          - Palmira
          - Playa Chiquita
          - Santa Isabel
          - Viento Frío
  pa_4:
    name: Chiriquí
    districts:
      -
        name: Alanje
        cabecera: Alanje
        corregimientos:
          - Alanje
          - Divalá
          - El Tejar
          - Guarumal
          - Palo Grande
          - Querévalo
          - Santo Tomás
          - Canta Gallo
          - Nuevo México
      -
        name: Barú
        cabecera: Puerto Armuelles
        corregimientos:
          - Puerto Armuelles
          - Limones
          - Progreso
          - Baco
          - Rodolfo Aguilar Delgado
      -
        name: Boquerón
        cabecera: Boquerón
        corregimientos:
          - Boquerón
          - Bágala
          - Cordillera
          - Guabal
          - Guayabal
          - Paraíso
          - Pedregal
          - Tijeras
      -
        name: Boquete
        cabecera: Bajo Boquete
        corregimientos:
          - Bajo Boquete
          - Caldera
          - Palmira
          - Alto Boquete
          - Jaramillo
          - Los Naranjos
      -
        name: Bugaba
        cabecera: La Concepción
        corregimientos:
          - La Concepción
          - Aserrío de Gariché
          - Bugaba
          - Cerro Punta
          - Gómez
          - La Estrella
          - San Andrés
          - Santa Marta
          - Santa Rosa
          - Santo Domingo
          - Sortová
          - El Bongo
      -
        name: David
        cabecera: David
        corregimientos:
          - David
          - Bijagual
          - Cochea
          - Chiriquí
          - Guacá
          - Las Lomas
          - Pedregal
          - San Carlos
          - San Pablo Nuevo
          - San Pablo Viejo
      -
        name: Dolega
        cabecera: Dolega
        corregimientos:
          - Dolega
          - Dos Ríos
          - Los Anastacios
          - Potrerillos
          - Potrerillos Abajo
          - Rovira
          - Tinajas
          - Los Algarrobos
      -
        name: Gualaca
        cabecera: Gualaca
        corregimientos:
          - Gualaca
          - Hornito
          - Los Ángeles
          - Paja de Sombrero
          - Rincón
      -
        name: Remedios
        cabecera: Remedios
        corregimientos:
          - Remedios
          - El Nancito
          - El Porvenir
          - El Puerto
          - Santa Lucía
      -
        name: Renacimiento
        cabecera: Río Sereno
        corregimientos:
          - Río Sereno
          - Breñón
          - Cañas Gordas
          - Monte Lirio
          - Plaza Caisán
          - Santa Cruz
          - Dominical
          - Santa Clara
      -
        name: San Félix
        cabecera: Las Lajas
        corregimientos:
          - Las Lajas
          - Juay
          - Lajas Adentro
          - San Félix
          - Santa Cruz
      -
        name: San Lorenzo
        cabecera: Horconcitos
        corregimientos:
          - Horconcitos
          - Boca Chica
          - Boca del Monte
          - San Juan
          - San Lorenzo
      -
        name: Tolé
        cabecera: Tolé
        corregimientos:
          - Tolé
          - Bella Vista
          - Cerro Viejo
          - El Cristo
          - Justo Fidel Palacios
          - Lajas de Tolé
          - Potrero de Caña
          - Quebrada de Piedra
          - Veladero
      -
        name: Tierras Altas
        cabecera: Volcán
        corregimientos:
          - Cerro Punta
          - Cuesta de Piedra
          - Nueva California
          - Paso Ancho
          - Volcán
  pa_5:
    name: Darién
    districts:
      -
        name: Chepigana
        cabecera: La Palma
        corregimientos:
          - La Palma
          - Camogantí
          - Chepigana
          - Garachiné
          - Jaqué
          - Puerto Piña
          - Sambú
          - Setegantí
          - Taimatí
          - Tucutí
      -
        name: Pinogana
        cabecera: El Real de Santa María
        corregimientos:
          - El Real de Santa María
          - Boca de Cupe
          - Paya
          - Pinogana
          - Púcuro
          - Yape
          - Yaviza
          - Metetí
          - Comarca Kuna de Wargandí
      -
        name: Santa Fe
        corregimientos:
          - Agua Fría
          - Cucunatí
          - Río Congo
          - Río Congo Arriba
          - Río Iglesias
          - Santa Fe
          - Zapallal
  pa_6:
    name: Herrera
    districts:
      -
        name: Chitré
        cabecera: Chitré
        corregimientos:
          - Chitré
          - La Arena
          - Monagrillo
          - Llano Bonito
          - San Juan Bautista
      -
        name: Las Minas
        cabecera: Las Minas
        corregimientos:
          - Las Minas
          - Chepo
          - Chumical
          - El Toro
          - Leones
          - Quebrada del Rosario
          - Quebrada El Ciprián
      -
        name: Los Pozos
        cabecera: Los Pozos
        corregimientos:
          - Los Pozos
          - Capurí
          - El Calabacito
          - El Cedro
          - La Arena
          - La Pitalosa
          - Los Cerritos
          - Los Cerros de Paja
          - Las Llanas
      -
        name: Ocú
        cabecera: Ocú
        corregimientos:
          - Ocú
          - Cerro Largo
          - Los Llanos
          - Llano Grande
          - Peñas Chatas
          - El Tijera
          - Menchaca
      -
        name: Parita
        cabecera: Parita
        corregimientos:
          - Parita
          - Cabuya
          - Los Castillos
          - Llano de La Cruz
          - París
          - Portobelillo
          - Potuga
      -
        name: Pesé
        cabecera: Pesé
        corregimientos:
          - Pesé
          - Las Cabras
          - El Pájaro
          - El Barrero
          - El Pedregoso
          - El Ciruelo
          - Sabanagrande
          - Rincón Hondo
      -
        name: Santa María
        cabecera: Santa María
        corregimientos:
          - Santa María
          - Chupampa
          - El Rincón
          - El Limón
          - Los Canelos
  pa_7:
    name: Los Santos
    districts:
      -
        name: Guararé
        cabecera: Guararé
        corregimientos:
          - Guararé
          - El Espinal
          - El Macano
          - Guararé Arriba
          - La Enea
          - La Pasera
          - Las Trancas
          - Llano Abajo
          - El Hato
          - Perales
      -
        name: Las Tablas
        cabecera: Las Tablas
        corregimientos:
          - Las Tablas
          - Bajo Corral
          - Bayano
          - El Carate
          - El Cocal
          - El Manantial
          - El Muñoz
          - El Pedregoso
          - La Laja
          - La Miel
          - La Palma
          - La Tiza
          - Las Palmitas
          - Las Tablas Abajo
          - Nuario
          - Palmira
          - Peña Blanca
          - Río Hondo
          - San José
          - San Miguel
          - Santo Domingo
          - Sesteadero
          - Valle Rico
          - Vallerriquito
      -
        name: Los Santos
        cabecera: La Villa de Los Santos
        corregimientos:
          - La Villa de Los Santos
          - El Guásimo
          - La Colorada
          - La Espigadilla
          - Las Cruces
          - Las Guabas
          - Los Ángeles
          - Los Olivos
          - Llano Largo
          - Sabanagrande
          - Santa Ana
          - Tres Quebradas
          - Agua Buena
          - Villa Lourdes
      -
        name: Macaracas
        cabecera: Macaracas
        corregimientos:
          - Macaracas
          - Bahía Honda
          - Bajos de Güera
          - Corozal
          - Chupá
          - El Cedro
          - Espino Amarillo
          - La Mesa
          - Las Palmas
          - Llano de Piedra
          - Mogollón
      -
        name: Pedasí
        cabecera: Pedasí
        corregimientos:
          - Pedasí
          - Los Asientos
          - Mariabé
          - Purio
          - Oria Arriba
      -
        name: Pocrí
        corregimientos:
          - Pocrí
          - El Cañafístulo
          - Lajamina
          - Paraíso
          - Paritilla
      -
        name: Tonosí
        cabecera: Tonosí
        corregimientos:
          - Tonosí
          - Altos de Güera
          - Cañas
          - El Bebedero
          - El Cacao
          - El Cortezo
          - Flores
          - Guánico
          - La Tronosa
          - Cambutal
          - Isla de Cañas
  pa_8:
    name: Panamá
    districts:
      -
        name: Balboa
        cabecera: San Miguel
        corregimientos:
          - San Miguel
          - La Ensenada
          - La Esmeralda
          - La Guinea
          - Pedro González
          - Saboga
      -
        name: Chepo
        cabecera: Chepo
        corregimientos:
          - Chepo
          - Cañita
          - Chepillo
          - El Llano
          - Las Margaritas
          - Santa Cruz de Chinina
          - Comarca Kuna de Madungandí
          - Tortí
      -
        name: Chimán
        cabecera: Chimán
        corregimientos:
          - Chimán
          - Brujas
          - Gonzalo Vásquez
          - Pásiga
          - Unión Santeña
      -
        name: Panamá
        corregimientos:
          - San Felipe
          - El Chorrillo
          - Santa Ana
          - La Exposición o Calidonia
          - Curundú
          - Betania
          - Bella Vista
          - Pueblo Nuevo
          - San Francisco
          - Parque Lefevre
          - Río Abajo
          - Juan Díaz
          - Pedregal
          - Ancón
          - Chilibre
          - Las Cumbres
          - Pacora
          - San Martín
          - Tocumen
          - Las Mañanitas
          - 24 de Diciembre
          - Ernesto Córdoba Campos
          - Alcalde Díaz
          - Caimitillo
          - Don Bosco
          - Las Garzas
      -
        name: San Miguelito
        corregimientos:
          - Amelia Denis De Icaza
          - Belisario Porras
          - José Domingo Espinar
          - Mateo Iturralde
          - Victoriano Lorenzo
          - Arnulfo Arias
          - Belisario Frías
          - Omar Torrijos
          - Rufina Alfaro
      -
        name: Taboga
        cabecera: Taboga
        corregimientos:
          - Taboga
          - Otoque Oriente
          - Otoque Occidente
  pa_9:
    name: Veraguas
    districts:
      -
        name: Atalaya
        cabecera: Atalaya
        corregimientos:
          - Atalaya
          - El Barrito
          - La Montañuela
          - La Carrillo
          - San Antonio
      -
        name: Calobre
        cabecera: Calobre
        corregimientos:
          - Calobre
          - Barnizal
          - Chitra
          - El Cocla
          - El Potrero
          - La Laguna
          - La Raya de Calobre
          - La Tetilla
          - La Yeguada
          - Las Guías
          - Monjarás
          - San José
      -
        name: Cañazas
        cabecera: Cañazas
        corregimientos:
          - Cañazas
          - Cerro Plata
          - El Picador
          - Los Valles
          - San José
          - San Marcelo
          - El Aromillo
          - Las Cruces
      -
        name: La Mesa
        cabecera: La Mesa
        corregimientos:
          - La Mesa
          - Bisvalles
          - Boró
          - Llano Grande
          - San Bartolo
          - Los Milagros
      -
        name: Las Palmas
        cabecera: Las Palmas
        corregimientos:
          - Las Palmas
          - Cerro de Casa
          - Corozal
          - El María
          - El Prado
          - El Rincón
          - Lolá
          - Pixvae
          - Puerto Vidal
          - San Martín de Porres
          - Viguí
          - Zapotillo
          - Altamira
      -
        name: Montijo
        cabecera: Montijo
        corregimientos:
          - Montijo
          - Arenas
          - Gobernadora
          - La Garceana
          - Leones
          - Cébaco
          - Costa Hermosa
          - Unión del Norte
          - Tebario
          - El Pilón
      -
        name: Río de Jesús
        cabecera: Río de Jesús
        corregimientos:
          - Río de Jesús
          - Las Huacas
          - Los Castillos
          - Utira
          - Catorce de Noviembre
      -
        name: San Francisco
        cabecera: San Francisco
        corregimientos:
          - San Francisco
          - Corral Falso
          - Los Hatillos
          - Remance
          - San Juan
          - San José
      -
        name: Santa Fe
        cabecera: Santa Fe
        corregimientos:
          - Santa Fe
          - Calovébora
          - El Alto
          - El Cuay
          - El Pantano
          - Gatú o Gatucito
          - Río Luis
      -
        name: Santiago
        cabecera: Santiago
        corregimientos:
          - Santiago
          - La Colorada
          - La Peña
          - La Raya de Santa María
          - Ponuga
          - San Pedro del Espino
          - Canto del Llano
          - Los Algarrobos
          - Carlos Santana Ávila
          - Edwin Fábrega
          - San Martín de Porres
          - Urracá
      -
        name: Soná
        cabecera: Soná
        corregimientos:
          - Soná
          - Bahía Honda
          - Calidonia
          - Cativé
          - El Marañón
          - Guarumal
          - La Soledad
          - Quebrada de Oro
          - Río Grande
          - Rodeo Viejo
      -
        name: Mariato
        cabecera: Llano de Catival o Mariato
        corregimientos:
          - Llano de Catival o Mariato
          - Arenas
          - El Cacao
          - Quebro
          - Tebario
  pa_10:
    name: Panamá Oeste
    districts:
      -
        name: Arraiján
        cabecera: Arraiján
        corregimientos:
          - Arraiján
          - Burunga
          - Cerro Silvestre
          - Juan Demóstenes Arosemena
          - Nuevo Emperador
          - Santa Clara
          - Veracruz
          - Vista Alegre
      -
        name: Capira
        cabecera: Capira
        corregimientos:
          - Capira
          - Caimito
          - Campana
          - Cermeño
          - Cirí de Los Sotos
          - Cirí Grande
          - El Cacao
          - La Trinidad
          - Las Ollas Arriba
          - Lídice
          - Villa Carmen
          - Villa Rosario
          - Santa Rosa
      -
        name: Chame
        cabecera: Chame
        corregimientos:
          - Chame
          - Bejuco
          - Buenos Aires
          - Cabuya
          - Chicá
          - El Líbano
          - Las Lajas
          - Nueva Gorgona
          - Punta Chame
          - Sajalices
          - Sorá
      -
        name: La Chorrera
        corregimientos:
          - Barrio Balboa
          - Barrio Colón
          - Amador
          - Arosemena
          - El Arado
          - El Coco
          - Feuillet
          - Guadalupe
          - Herrera
          - Hurtado
          - Iturralde
          - La Represa
          - Los Díaz
          - Mendoza
          - Obaldía
          - Playa Leona
          - Puerto Caimito
          - Santa Rita
      -
        name: San Carlos
        cabecera: San Carlos
        corregimientos:
          - San Carlos
          - El Espino
          - El Higo
          - Guayabito
          - La Ermita
          - La Laguna
          - Las Uvas
          - Los Llanitos
          - San José
  pa_em:
    name: Emberá-Wounaan
    indigenous_region: true
    districts:
      -
        name: Cémaco
        cabecera: Cirilo Guaynora
        corregimientos:
          - Cirilo Guaynora
          - Lajas Blancas
          - Manuel Ortega
      -
        name: Sambú
        corregimientos:
          - Río Sábalo
          - Jingurudó
  pa_ky:
    name: Kuna Yala
    indigenous_region: true
    districts:
      -
        name: Kuna Yala
        cabecera: Narganá
        corregimientos:
          - Narganá
          - Ailigandí
          - Puerto Obaldía
          - Tubualá
  pa_nb:
    name: Ngäbe-Buglé
    indigenous_region: true
    districts:
      -
        name: Besikó
        cabecera: Soloy
        corregimientos:
          - Soloy
          - Boca de Balsa
          - Camarón Arriba
          - Cerro Banco
          - Cerro de Patena
          - Emplanada de Chorcha
          - Nämnoní
          - Niba
      -
        name: Mironó
        cabecera: Hato Pilón
        corregimientos:
          - Hato Pilón
          - Cascabel
          - Hato Corotú
          - Hato Culantro
          - Hato Jobo
          - Hato Julí
          - Quebrada de Loro
          - Salto Dupí
      -
        name: Müna
        cabecera: Chichica
        corregimientos:
          - Chichica
          - Alto Caballero
          - Bakama
          - Cerro Caña
          - Cerro Puerco
          - Krüa
          - Maraca
          - Nibra
          - Peña Blanca
          - Roka
          - Sitio Prado
          - Umaní
      -
        name: Nole Düima
        cabecera: Cerro Iglesias
        corregimientos:
          - Cerro Iglesias
          - Hato Chamí
          - Jädeberi
          - Lajero
          - Susama
      -
        name: Ñürüm
        cabecera: Buenos Aires
        corregimientos:
          - Buenos Aires
          - Agua de Salud
          - Alto de Jesús
          - Cerro Pelado
          - El Bale
          - El Paredón
          - El Piro
          - Guayabito
          - Güibale
      -
        name: Kankintú
        cabecera: Bisira
        corregimientos:
          - Bisira
          - Burí
          - Guariviara
          - Guoroní
          - Kankintú
          - Mününí
          - Piedra Roja
          - Tuwai
          - Man Creek
      -
        name: Kusapín
        cabecera: Kusapín
        corregimientos:
          - Kusapín
          - Bahía Azul
          - Calovébora o Santa Catalina
          - Loma Yuca
          - Río Chiriquí
          - Tobobé
          - Valle Bonito
      -
        name: Jirondai
        corregimientos:
          - Samboa
          - Burí
          - Guariviara
          - Man Creek
          - Tuwai
      -
        name: Santa Catalina o Calovébora (Bledeshia)
        cabecera: Santa Catalina o Calovébora (Bledeshia)
        corregimientos:
          - Santa Catalina o Calovébora (Bledeshia)
          - Alto Bilingüe (Gdogueshia)
          - Loma Yuca (Ijuicho)
          - San Pedrito
          - Valle Bonito (Dogata)
